day,T_res_K,rh_m,oil_visc_res_Pa_s,water_bpd,spm,stroke_in,vfd_Hz,q_oil,q_liq,run_frac,pw_MPa,fillage,vol_eff,PPRL,MPRL,rod_float_index,goodman,torque,impact_lbf,unset_index,mu_liquid,kwh_day,drag_lbf
0.0,563.3876342773438,18.6779842376709,0.41693854331970215,195.90697674418607,8.0,86.0,60.0,0.0,171.47195999999997,1.0,11.37,1.0,0.95,7271.699780581754,6075.769285784952,0.08959979520089977,0.3902167907396492,25712.505638131224,0.0,0.0,0.0005,0.04222590047048503,0.6614142585722897
1.0,558.8345947265625,18.6779842376709,0.4318310022354126,188.22535431207376,8.0,86.0,60.0,0.0,171.47195999999997,1.0,11.37,1.0,0.95,7271.699780581754,6075.769285784952,0.08959979520089977,0.3902167907396492,25712.505638131224,0.0,0.0,0.0005,0.04222590047048503,0.6614142585722897
2.0,555.66357421875,18.6779842376709,0.4426664113998413,180.84493260374467,8.0,86.0,60.0,0.0,171.47195999999997,1.0,11.37,1.0,0.95,7271.699780581754,6075.769285784952,0.08959979520089977,0.3902167907396492,25712.505638131224,0.0,0.0,0.0005,0.04222590047048503,0.6614142585722897
3.0,553.1758422851562,18.6779842376709,0.4514468312263489,173.7539013698915,8.0,86.0,60.0,0.0,171.47195999999997,1.0,11.37,1.0,0.95,7271.699780581754,6075.769285784952,0.08959979520089977,0.3902167907396492,25712.505638131224,0.0,0.0,0.0005,0.04222590047048503,0.6614142585722897
4.0,551.0863037109375,18.6779842376709,0.4590190649032593,166.94091344770618,8.0,86.0,60.0,3.4304751825403343,170.3713886302465,1.0,10.051796655707365,1.0,0.9439025435921664,7410.417802874467,6076.700733126566,0.08960200499138009,0.3976506691245916,28674.91699957988,0.0,0.0,0.000581547014321502,6.271031033425715,0.76928697460477
5.0,549.2576904296875,18.6779842376709,0.4657982587814331,160.39506660299813,8.0,86.0,60.0,7.093783254049725,167.48884985704785,1.0,8.636112681078728,1.0,0.9279325165711961,7770.797532945921,6077.707493305269,0.08960759653094207,0.4169776133150057,36401.43585227402,0.0,0.0,0.0006874478361803526,22.140622332297923,0.9093756017487056
6.0,547.615478515625,18.6779842376709,0.4720112085342407,154.10588608429413,8.0,86.0,60.0,10.598213451321442,164.70409953561557,1.0,7.274445093011049,1.0,0.9125042634307954,8117.401507738562,6078.678377632345,0.08961697384571085,0.43556474405853374,43832.547297283694,0.0,0.0,0.0008116796153837415,36.88155555934541,1.0737129420145572
7.0,546.1146240234375,18.6779842376709,0.4777950346469879,148.06330786100074,8.0,86.0,60.0,13.951681034677222,162.01498889567796,1.0,5.964875970715916,1.0,0.8976058794154688,8450.724406187826,6079.609450759366,0.08963071419258338,0.4534387655830976,50978.97154171189,0.0,0.0,0.0009571610372038949,50.5719907174572,1.2661599155129957
8.0,544.7261962890625,18.6779842376709,0.4832375943660736,142.25766251880867,8.0,86.0,60.0,17.818141560775018,160.0758040795837,1.0,4.450493671413395,1.0,0.8868622827639255,8836.220012944415,6080.643299325489,0.08965319722446012,0.4741099088224689,59244.89934280695,0.0,0.0,0.0011588110575477153,66.29930695789017,1.5329083129065861
9.0,543.429931640625,18.6779842376709,0.488400399684906,136.67965978656665,8.0,86.0,60.0,23.39942047897361,160.07908026554026,1.0,2.2625595428252407,1.0,0.8868804337004328,9393.38731875155,6081.978295169534,0.08969857973503559,0.503986603965558,71195.29400701332,0.0,0.0,0.0015099889346952226,89.91082482542234,1.9974564233876047
10.0,542.211181640625,18.6779842376709,0.4933275878429413,131.32037366986572,8.0,86.0,60.0,27.611711061000822,158.93208473086653,1.0,0.6,0.9928139242579458,0.8805257751431967,9816.785432808796,6082.9340386680005,0.08974933043087821,0.5266896541374544,80277.80497402712,511.1060348219187,0.1703686782739729,0.0018628292063843047,107.08090558594847,2.4642035967749636
11.0,541.058837890625,18.6779842376709,0.4980526864528656,126.17122816754382,8.0,86.0,60.0,27.555181646347048,153.72640981389085,1.0,0.6,0.9602744455619032,0.8516849595887067,9816.408910134416,6083.109584724938,0.0897618386727731,0.5266669417838377,80265.93549630382,1181.8796249316779,0.39395987497722595,0.0019453365552133445,103.55425234520406,2.5733466706800128
12.0,539.96435546875,18.6779842376709,0.5026013255119324,121.22398354825421,8.0,86.0,60.0,27.50106336593628,148.7250469141905,1.0,0.6,0.929012070566356,0.8239760866352784,9816.027231593956,6083.2848756824405,0.08977542792050415,0.526643956676182,80253.9606520976,1554.0076556245715,0.5180025518748572,0.0020338309891735178,100.16678493879996,2.6904096315310975
13.0,538.9207153320312,18.6779842376709,0.506994903087616,116.47072316513763,8.0,86.0,60.0,27.449089171886445,143.91981233702407,1.0,0.6,0.8989756492209204,0.797353816450065,9815.641025516783,6083.459270506994,0.08979019634794998,0.5266207416975404,80241.9077327105,1823.6736261739106,0.6078912087246369,0.0021288107053552695,96.91299694072782,2.816051508646617
14.0,537.9222412109375,18.6779842376709,0.511250376701355,111.90384078749807,8.0,86.0,60.0,27.39902539730072,139.3028661847988,1.0,0.6,0.8701161797459012,0.7717747139273318,9815.250990540748,6083.632061703312,0.0898062513048525,0.5265973444512143,80229.8069700049,2034.4003426209092,0.678133447540303,0.0022308200238143026,93.78761809097969,2.9509923441187094
15.0,536.9644775390625,18.6779842376709,0.5153810381889343,107.51602842921116,8.0,86.0,60.0,27.350705137252806,134.86673356646398,1.0,0.6,0.8423869403955342,0.7471973661941043,9814.85788400871,6083.802479417971,0.08982371014624896,0.5265738165791867,80217.6911987009,2205.1218350203553,0.7350406116734518,0.0023404543164995146,90.7856278796265,3.096019712939683
16.0,536.043212890625,18.6779842376709,0.5193997025489807,103.30026465438701,8.0,86.0,60.0,27.30394094467163,130.60420559905864,1.0,0.6,0.8157428727532631,0.7235818341325645,9814.462565814356,6083.969665630449,0.08984270061089857,0.5265502164832744,80205.59735395403,2346.2815693836264,0.7820938564612088,0.0024583602032267737,87.90219156022489,3.25198898224172
17.0,535.1551513671875,18.6779842376709,0.5233166217803955,99.24980334157505,8.0,86.0,60.0,27.25861470222473,126.50841804379978,1.0,0.6,0.7901410710878211,0.700890088044773,9814.065970251844,6084.132683036228,0.08986336320465516,0.5265266076874077,80193.56567513577,2464.4402654170826,0.8214800884723609,0.002585249468455168,85.1327114028443,3.419841720805363
18.0,534.2974853515625,18.6779842376709,0.5271399021148682,95.35816288853027,8.0,86.0,60.0,27.214605724811552,122.57276861334182,1.0,0.6,0.7655402671987087,0.6790855495130209,9813.66913898507,6084.29049734285,0.08988585090005013,0.5265030608592788,80181.64079530771,2564.0800067063556,0.8546933355687852,0.0027218960980740204,82.47277294434299,3.6006017792368734
19.0,533.4677734375,18.6779842376709,0.5308769345283508,91.61911584026689,8.0,86.0,60.0,27.171813869476317,118.79092970974321,1.0,0.6,0.7419009094757303,0.658133161971532,9813.273223652019,6084.441969712016,0.08991033121737355,0.52647965405777,80169.8719597101,2648.4454365285596,0.8828151455095199,0.0028691472972659196,79.91815371366647,3.7953898647116544
20.0,532.6636352539062,18.6779842376709,0.5345354080200195,88.02667892380174,8.0,86.0,60.0,27.130131289958953,115.15681021376069,1.0,0.6,0.7191849247341033,0.63799917900905,9812.879504454544,6084.585844879117,0.08993698670254524,0.5264564738998215,80158.31368087172,2719.9881479495875,0.9066627159831958,0.003027925287068633,77.46479847796896,4.0054259175175755
21.0,531.8832397460938,18.6779842376709,0.5381205677986145,84.57510347364112,8.0,86.0,60.0,27.089496359825137,111.66459983346626,1.0,0.6,0.6973559941189205,0.618651410071903,9812.489380869854,6084.720747713219,0.08996601789006897,0.5264336151109791,80147.02561286768,2780.6206679148722,0.9268735559716241,0.003199243535004768,75.10884873574679,4.232050581394739
22.0,531.1248779296875,18.6779842376709,0.5416377782821655,81.25886623268934,8.0,86.0,60.0,27.04982691049576,108.30869314318511,1.0,0.6,0.6763790799044893,0.6000587996196338,9812.104407213368,6084.84516365577,0.08999764313674528,0.526411182712766,80136.07373648838,2831.874415011342,0.9439581383371141,0.003384204407550661,72.8465934008821,4.476722098154391
23.0,530.3870239257812,18.6779842376709,0.5450916886329651,78.07266051385925,8.0,86.0,60.0,27.011063883304598,105.08372439716385,1.0,0.6,0.6562206420469933,0.5821916200019273,9811.72628936118,6084.957431632786,0.0900321016730417,0.5263892919479929,80125.5304411605,2875.0001680517985,0.9583333893505995,0.003584015627772984,70.67449221959625,4.741038078309936
24.0,529.6683959960938,18.6779842376709,0.5484862327575684,75.01138770824056,8.0,86.0,60.0,26.973148219585422,101.98453592782599,1.0,0.6,0.6368484412066542,0.5650212963765895,9811.356901216124,6085.05573336908,0.0900696540788606,0.5263680693168656,80115.47510871146,2911.0368198305837,0.9703456066101945,0.00379999216357264,68.58915532273572,5.026737998899818
25.0,528.9676513671875,18.6779842376709,0.5518254637718201,72.07014912623792,8.0,86.0,60.0,26.936025996208194,99.00617512244611,1.0,0.6,0.6182315197230482,0.5485203899595235,9810.998306200185,6085.138070798351,0.09011058586467183,0.5263476540530717,80105.99506113945,2940.8590436293175,0.9802863478764392,0.004033574479884561,66.58734252333305,5.335727348017912
26.0,528.2837524414062,18.6779842376709,0.5551124811172485,69.24423815862242,8.0,86.0,60.0,26.899653561115265,96.1438917197377,1.0,0.6,0.6003401845902502,0.5326625830471106,9810.652757878966,6085.202264147433,0.09015520799732327,0.5263281981849536,80097.18561522798,2965.211633787455,0.9884038779291516,0.004286331369673755,64.66596152910634,5.670081369735827
27.0,527.6157836914062,18.6779842376709,0.5583504438400269,66.52913274495273,8.0,86.0,60.0,26.86398983001709,93.39312257496982,1.0,0.6,0.5831459124115976,0.5174225946109284,9810.322727086495,6085.245926899266,0.09020386023111072,0.5263098683491905,80089.15120402543,2984.734969246852,0.9949116564156173,0.0045599766451494776,62.82205929008413,6.032067143716997
28.0,526.962646484375,18.6779842376709,0.5615425705909729,63.9204881373136,8.0,86.0,60.0,26.828983447551725,90.74947158486532,1.0,0.6,0.5666212242237268,0.5027760690763788,9810.010924549695,6085.266446903518,0.09025691320111752,0.5262928472754597,80082.00626939282,2999.9842066575648,0.9999947355525216,0.004856379417644392,61.05280970769757,6.424157183733988
29.0,526.3236694335938,18.6779842376709,0.564690887928009,61.41412994779227,8.0,86.0,60.0,26.794619007110597,88.20874895490286,1.0,0.6,0.550739929826572,0.4886997938739239,9809.720288865241,6085.260985475813,0.09031477103579325,0.5262773331555881,80075.87502287271,3011.443738027439,1.0038145793424798,0.005177578617905881,59.355539817842846,6.849048645523918
30.0,525.6980590820312,18.6779842376709,0.5677981376647949,59.00604746856723,8.0,86.0,60.0,26.760845153331754,85.76689262189899,1.0,0.6,0.5354766383528767,0.4751712640994134,9809.454047175532,6085.226436960127,0.09037787349010903,0.5262635434785662,80070.89361963124,3019.539081168587,1.0065130270561957,0.005525791893241572,57.72767983793098,7.309675096186286
31.0,525.0850830078125,18.6779842376709,0.5708662867546082,56.69238725392006,8.0,86.0,60.0,26.72764134407043,83.4200285979905,1.0,0.6,0.5208071338465258,0.46216901683570294,9809.215701743578,6085.159423209147,0.09044670040598293,0.5262517143916559,80067.20998849029,3024.645684460216,1.0082152281534054,0.005903440066782049,56.16680374303172,7.8092388695931945
32.0,524.4841918945312,18.6779842376709,0.5738970041275024,54.46944695390018,8.0,86.0,60.0,26.694979333877562,81.16442628777774,1.0,0.6,0.5067080968911132,0.4496723835978131,9809.00906282915,6085.056271589386,0.09052177288861721,0.5262421027817815,80064.98501165498,3027.0964442610543,1.0090321480870181,0.006313152112639901,54.67060076534787,8.351217647671609
33.0,523.8946533203125,18.6779842376709,0.5768929719924927,52.33366938977496,8.0,86.0,60.0,26.662823173999787,78.99649256377475,1.0,0.6,0.49315706757531064,0.4376614575093562,9808.838280109896,6084.912983670252,0.09060365794916961,0.5262349884129672,80064.39387345234,3027.187623331386,1.009062541110462,0.006757788707572208,53.23687335921545,8.939395615214128
34.0,523.3161010742188,18.6779842376709,0.5798550248146057,50.281636861784996,8.0,86.0,60.0,26.631165161132813,76.91280202291782,1.0,0.6,0.4801326337476889,0.4261172609315945,9808.707840975161,6084.725225835606,0.09069297202627721,0.5262306739743621,80065.62622550048,3025.1837739603675,1.0083945913201224,0.007240461208761171,51.86355802126668,9.577888564228388
35.0,522.7479248046875,18.6779842376709,0.5827851295471191,48.31006568009519,8.0,86.0,60.0,26.599977049827576,74.91004272992276,1.0,0.6,0.46761409305039614,0.4150214448672928,9808.622616056278,6084.488298307708,0.09079038279441913,0.5262294879723953,80068.8878315943,3021.321822952509,1.0071072743175031,0.0077645394851424835,50.54869090938354,10.271154253441567
36.0,522.189697265625,18.6779842376709,0.5856844186782837,46.415800910190555,8.0,86.0,60.0,26.5692382979393,72.98503920812985,1.0,0.6,0.4555815959445516,0.4043564163360783,9808.587877760472,6084.197107837125,0.09089661491479384,0.5262317861238931,80074.40155335197,3015.8144808320403,1.0052714936106801,0.008333681960487794,49.29042494809574,11.0240321501466
37.0,521.640869140625,18.6779842376709,0.5885552167892456,44.595811324307874,8.0,86.0,60.0,26.53891809225082,71.1347294165587,1.0,0.6,0.44401600223279736,0.39410521082123734,9808.609324235453,6083.846149080633,0.0910124517685749,0.5262379529183796,80082.40826582866,3008.8530803033304,1.0029510267677768,0.008951843969968024,48.08701556347164,11.841754484502445
38.0,521.1012573242188,18.6779842376709,0.5913974642753601,42.847184550824586,8.0,86.0,60.0,26.509019000530245,69.35620355135484,1.0,0.6,0.4328991225405347,0.38425170723998897,9808.693091870411,6083.429477774672,0.0911387421991359,0.5262484026849734,80093.16770305841,3000.6102101221118,1.0002034033740372,0.009623313380092787,46.936848426879585,12.729993368605731
39.0,520.5703125,18.6779842376709,0.5942131280899048,41.16712241384284,8.0,86.0,60.0,26.479510209560395,67.64663262340324,1.0,0.6,0.42221327348547766,0.3747802322445785,9808.84581195604,6082.940675010448,0.09127640179808655,0.5262635831584391,80106.96044433022,2991.241552335508,0.9970805174451693,0.010352715177149288,45.838393807474475,13.694866866208573
40.0,520.0477294921875,18.6779842376709,0.5970034003257751,39.552936455511094,8.0,86.0,60.0,26.450376312732697,66.00331276824379,1.0,0.6,0.4119415534668744,0.3656758057109256,9809.074602064136,6082.372839820771,0.09142641707290455,0.5262839751415103,80124.08788823239,2980.8878851167324,0.9936292950389108,0.011145034240497812,44.790236781999106,14.742969117883286
41.0,519.533203125,18.6779842376709,0.5997688174247742,38.00204363391799,8.0,86.0,60.0,26.42160703897476,64.42365067289275,1.0,0.6,0.40206775181939625,0.3569240599993615,9809.38711499581,6081.718542921813,0.0915898518138295,0.5263100958148783,80144.87429959097,2969.6766357171555,0.9898922119057185,0.012005647431243225,43.7910704273917,15.881412788832103
42.0,519.0263671875,18.6779842376709,0.6025110483169556,36.51196218967418,8.0,86.0,60.0,26.39318698167801,62.90514917135219,1.0,0.6,0.39257625902143967,0.3485111601499428,9809.791556401015,6080.969811940798,0.09176784872618596,0.5263424999207695,80169.66750589469,2957.7231793975593,0.9859077264658531,0.012940331710550913,42.83968710362737,17.117839808027043
43.0,518.5269165039062,18.6779842376709,0.6052305698394775,35.080307674567884,8.0,86.0,60.0,26.365103302001952,61.44541097656983,1.0,0.6,0.3834520898353199,0.34042382455849546,9810.296703530312,6080.118109539284,0.09196163327162538,0.5263817811138722,80198.83977080714,2945.132085574406,0.9817106951914687,0.013955284023797651,41.93498238211287,18.46044767153169
44.0,518.0347290039062,18.6779842376709,0.6079279780387878,33.70478913593902,8.0,86.0,60.0,26.337345728874208,60.042134864813235,1.0,0.6,0.3746808594557013,0.3326493038370389,9810.91193135544,6079.154306630318,0.09217251776756802,0.5264285737836046,80232.78893159011,2931.9981790793754,0.9773327263597918,0.015057142256387882,41.07595422385351,19.918017163452568
45.0,517.54931640625,18.6779842376709,0.6106048226356506,32.38320545066617,8.0,86.0,60.0,26.309893720149997,58.69309917081617,1.0,0.6,0.36624868065121896,0.32517528937253276,9811.647252333722,6078.068646315844,0.09240190603356427,0.5264835557479421,80271.94002938438,2918.4073421724434,0.9728024473908145,0.016253008531486448,40.261694212854664,21.499943174844418
46.0,517.0706787109375,18.6779842376709,0.6132609248161316,31.1134418029,8.0,86.0,60.0,26.28274984359741,57.396191646497414,1.0,0.6,0.3581423495960003,0.3179900787520744,9812.513290752871,6076.8507574315,0.09265129366544676,0.5265474467351299,80316.74446640951,2904.4376784520496,0.9681458928173499,0.017550451938924072,39.4914068290644,23.21623831358414
47.0,516.5984497070312,18.6779842376709,0.6158975958824158,29.893466299906745,8.0,86.0,60.0,26.255896124839783,56.14936242474653,1.0,0.6,0.3503490529122954,0.3110823151698342,9813.521357042948,6075.489594393985,0.09292227427046539,0.5266210132918662,80367.68289695271,2890.1598036742275,0.9633866012247425,0.018957538845699784,38.764381679466545,25.077572999967803
48.0,516.1324462890625,18.6779842376709,0.6185154914855957,28.721326720606275,8.0,86.0,60.0,26.229324860572813,54.95065158117909,1.0,0.6,0.3428565392064105,0.3044411401264681,9814.683407010007,6073.973466662347,0.09321653721054901,0.5267050662443112,80425.2637174747,2875.6378186132897,0.9585459395377632,0.020482822730351416,38.080010217155596,27.095262019326054
49.0,515.67236328125,18.6779842376709,0.6211157441139221,27.595147391601934,8.0,86.0,60.0,26.20301807641983,53.798165468021764,1.0,0.6,0.33565297163339924,0.2980560623125827,9816.01209995842,6072.289986893334,0.09353587411132902,0.5268004646390468,80490.02543089938,2860.9296574086766,0.9536432191362255,0.022135376652916722,37.43777317101081,29.281307474214575
50.0,515.2181396484375,18.6779842376709,0.6236980557441711,26.51312618570292,8.0,86.0,60.0,26.176980907917024,52.69010709361994,1.0,0.6,0.3287271169841948,0.2919171259192404,9817.520755307709,6070.426101926557,0.09388217658694609,0.5269081130635058,80562.5350476948,2846.0880444090326,0.9486960148030109,0.023924783107669427,36.83725908494499,31.64838536132403
51.0,514.76953125,18.6779842376709,0.6262635588645935,25.47353163813628,8.0,86.0,60.0,26.151195380687714,51.62472701882399,1.0,0.6,0.32206803986747057,0.2860146385909556,9819.22336542387,6068.368095163082,0.09425743294531262,0.5270289624043978,80643.38831060696,2831.1603715150727,0.9437201238383576,0.02586111593776776,36.27813115290065,34.20982164766137
52.0,514.326416015625,18.6779842376709,0.6288124322891235,24.474700175833917,8.0,86.0,60.0,26.125658926963805,50.600359102797725,1.0,0.6,0.315665325216148,0.28033936946692534,9821.134641852288,6066.101526117808,0.09466373991251739,0.5271640133126622,80733.21198829134,2816.189636114036,0.9387298787046787,0.027955001252547195,35.7601552140297,36.97967285368186
53.0,513.8885498046875,18.6779842376709,0.6313454508781433,23.515033455360733,8.0,86.0,60.0,26.100361275672913,49.615394731033646,1.0,0.6,0.3095089177509488,0.27488240639741895,9823.269936141545,6063.611316789519,0.0951032883418459,0.5273143108501104,80832.66031606858,2801.2145135927794,0.9337381711975932,0.03021754443214049,35.28317694052037,39.97262949291885
54.0,513.455810546875,18.6779842376709,0.6338633298873901,22.592995805224156,8.0,86.0,60.0,26.075289587974545,48.6682853931987,1.0,0.6,0.3035891379690551,0.26963517022572536,9825.645196057934,6060.881792815375,0.09557835756103632,0.5274809416961389,80942.41316971503,2786.269770053591,0.9287565900178637,0.03266030183387911,34.84712100862202,43.203978644404685
55.0,513.028076171875,18.6779842376709,0.6363661289215088,21.707111768472107,8.0,86.0,60.0,26.050451567173003,47.75756333564511,1.0,0.6,0.2978968106787341,0.264589529208524,9828.27708483626,6057.89655535478,0.09609133617155478,0.5276650425496181,81063.18138385184,2771.3869634544017,0.9237956544848006,0.03529538713570097,34.45201324995012,46.68974462676318
56.0,512.6051025390625,18.6779842376709,0.6388548016548157,20.85596374164711,8.0,86.0,60.0,26.025824103355408,46.88178784500252,1.0,0.6,0.29242293047178425,0.2597375014127814,9831.182753402893,6054.63872589396,0.09664468225173528,0.5278677845732179,81195.69659144206,2756.5939024018408,0.9188646341339469,0.03813526804095749,34.09792890256192,50.44642007353086
57.0,512.1868896484375,18.6779842376709,0.641329288482666,20.03818970631832,8.0,86.0,60.0,26.00141489982605,46.039604606144366,1.0,0.6,0.28715903126567177,0.25507158357458065,9834.379921791615,6051.090842637006,0.09724094305461249,0.5280903794458097,81340.71520182413,2741.915929042349,0.9139719763474496,0.04119286836732871,33.78503926377173,54.4911009792853
58.0,511.77325439453125,18.6779842376709,0.643790066242218,19.252481049561435,8.0,86.0,60.0,25.97720854997635,45.229689599537785,1.0,0.6,0.2820968369222151,0.25058444027560484,9837.886782799322,6047.234974757844,0.09788273453855012,0.5283340727655172,81499.0138728918,2727.3752540086825,0.9091250846695609,0.044481462501231805,33.51356667081715,58.841347080926674
59.0,511.364013671875,18.6779842376709,0.6462379097938538,18.49758046989886,8.0,86.0,60.0,25.95319991827011,44.450780388168965,1.0,0.6,0.27722845600722795,0.24626907728097655,9841.721976285671,6043.052735788425,0.098572741725398,0.5286001427087387,81671.38867069082,2712.99174947936,0.9043305831597866,0.04801467846122567,33.28380477209479,63.515185910036934
60.0,510.9591064453125,18.6779842376709,0.6486728191375732,17.772279965349096,8.0,86.0,60.0,25.92938900470734,43.70166897005643,1.0,0.6,0.2725463372369373,0.24211880194029167,9845.904459296795,6038.525414597688,0.09931369895848284,0.5288898914210618,81858.64946103086,2698.7830809565344,0.8995943603188448,0.05180639770290928,33.09610540131325,68.53098025194183
61.0,510.55841064453125,18.6779842376709,0.6510952115058899,17.075418900365825,8.0,86.0,60.0,25.905768105983736,42.98118700634956,1.0,0.6,0.26804317745217965,0.2381271413473788,9850.453452149095,6033.6340330081775,0.10010838062006784,0.5292046415529744,82061.61751152975,2684.764652691453,0.8949215508971511,0.05587070760077293,32.95086500739478,73.90736528734885
62.0,510.16180419921875,18.6779842376709,0.653505802154541,16.40588214857346,8.0,86.0,60.0,25.882332086563114,42.28821423513658,1.0,0.6,0.2637119739623681,0.23428788895502073,9855.388343388591,6028.359436675228,0.10095958839132052,0.5295457301205825,82281.12149433732,2670.949970658636,0.8903166568862121,0.06022183720378494,32.84852456278614,79.6631636080051
63.0,509.7691650390625,18.6779842376709,0.6559044718742371,15.762598308327007,8.0,86.0,60.0,25.85907581090927,41.621674119236275,1.0,0.6,0.2595459974024848,0.2305950804625693,9860.72863504597,6022.682350112041,0.1018701430194856,0.5299145050571861,82517.99512607952,2657.3507546519613,0.8857835848839871,0.06487411533888619,32.789563164391275,85.81732979480523
64.0,509.3804626464844,18.6779842376709,0.6582913994789124,15.144537988240863,8.0,86.0,60.0,25.835999279022214,40.980537267263074,1.0,0.6,0.2555388129927889,0.2270430127695509,9866.493739854142,6016.583577229891,0.1028428548700772,0.5303123117194483,82773.06849642146,2643.97719425846,0.8813257314194866,0.0698418214125151,32.77448756667993,92.38875305379389
65.0,508.99554443359375,18.6779842376709,0.6606676578521729,14.550712159942991,8.0,86.0,60.0,25.813087084293365,40.363799244236354,1.0,0.6,0.2516841423342503,0.22362612104057444,9872.702847842465,6010.044141003761,0.10388050195727815,0.5307404839914004,83047.16219703216,2630.837650158896,0.8769458833862986,0.07513907312625807,32.80380838959671,99.39610868322607
66.0,508.6142883300781,18.6779842376709,0.6630330085754395,13.980170575418516,8.0,86.0,60.0,25.79033922672272,39.770509802141234,1.0,0.6,0.24797604537672222,0.22033914065036742,9879.375082158946,6003.045117020997,0.10498585682508386,0.5312003553580981,83341.09425046592,2617.9394272037653,0.8726464757345884,0.08077996368880615,32.87807041739898,106.85803958145641
67.0,508.23663330078125,18.6779842376709,0.6653879880905151,13.432000246410167,8.0,86.0,60.0,25.767755706310272,39.19975595272044,1.0,0.6,0.2444088149829557,0.21717701340256693,9886.528942435876,5995.568194872168,0.10616160198971758,0.5316932211633444,83655.65607261975,2605.288576305874,0.8684295254352913,0.08677813233577444,32.99780540249008,114.79258811830859
68.0,507.862548828125,18.6779842376709,0.6677322387695312,12.90532398344229,8.0,86.0,60.0,25.745336523056032,38.650660506498326,1.0,0.6,0.2409769677960001,0.21413487943552645,9894.182564794068,5987.595417804991,0.10741036888275973,0.5322203566205608,83991.62366026516,2592.890000960437,0.8642966669868124,0.09314696150593059,33.163547725005834,123.21745696541336
69.0,507.49188232421875,18.6779842376709,0.6700668334960938,12.399298992130548,8.0,86.0,60.0,25.72306370258331,38.12236269471386,1.0,0.6,0.23767512354549095,0.2112079698627004,9902.353139285833,5979.109770579957,0.10873464927985864,0.5327829772273789,84349.73242717635,2580.747136082182,0.8602490453607273,0.09989912677434219,33.37578388863937,132.14941373494142
70.0,507.1246337890625,18.6779842376709,0.6723913550376892,11.913115524531076,8.0,86.0,60.0,25.70094751596451,37.61406304049559,1.0,0.6,0.23449828440940948,0.20839185537081872,9911.057315536878,5970.094759045053,0.11013686083356797,0.5333822669015502,84730.6949645743,2568.8631015099622,0.8562877005033207,0.10704693050587903,33.635009461252594,141.6047323459708
71.0,506.7606201171875,18.6779842376709,0.6747068166732788,11.445995583371047,8.0,86.0,60.0,25.678972556591035,37.12496813996208,1.0,0.6,0.23144149115659113,0.20568214029258183,9920.310722635575,5960.534906947647,0.11161926993813537,0.5340193451597055,85135.1800372905,2557.2395412529686,0.8524131804176562,0.11460190840318828,33.94166034157309,151.59867255492847
72.0,506.3997802734375,18.6779842376709,0.6770130395889282,10.997191677087036,8.0,86.0,60.0,25.657146527767182,36.65433820485422,1.0,0.6,0.22850011914513407,0.20307472600541518,9930.127687206254,5950.416022634027,0.11318395492475505,0.5346952482079269,85563.80078830292,2545.877848124478,0.848625949374826,0.12257464419937918,34.296127591888364,162.14523482578917
73.0,506.0421447753906,18.6779842376709,0.6793099641799927,10.56598562367905,8.0,86.0,60.0,25.635461726188662,36.20144734986771,1.0,0.6,0.22566963101835838,0.20056559091279025,9940.521577019526,5939.7248671702655,0.11483285340329037,0.5354109523779638,86017.12926175911,2534.7783221480254,0.8449261073826752,0.13097500798184158,34.698752020009046,173.25747559161894
74.0,505.68756103515625,18.6779842376709,0.681597888469696,10.151687401466104,8.0,86.0,60.0,25.613913016319273,35.76560041778538,1.0,0.6,0.22294568144004503,0.19815088365990635,9951.504065531453,5928.449884228439,0.11656765461338535,0.5361673239498485,86495.66489801485,2523.9406629745104,0.8413135543248368,0.1398116103999771,35.1497888473834,184.94678526499737
75.0,505.33599853515625,18.6779842376709,0.6838774085044861,9.753634044904324,8.0,86.0,60.0,25.59250039815903,35.34613444306335,1.0,0.6,0.22032412618061825,0.19582693124234532,9963.08565700052,5916.580674305842,0.11838987798816299,0.5369651550947846,86999.85712793561,2513.364102884674,0.8377880342948913,0.14909220084307115,35.64944223480281,197.2234149590616
76.0,504.98736572265625,18.6779842376709,0.6861487030982971,9.371188583700631,8.0,86.0,60.0,25.571213600635527,34.94240218433616,1.0,0.6,0.2178009195547104,0.1935901477717952,9975.275064432491,5904.108621267613,0.1203007790319222,0.5378051211511405,87530.07852804493,2503.047074643314,0.8343490248811046,0.158823188996388,36.19781426339981,210.09584358826524
77.0,504.6416015625,18.6779842376709,0.6884115934371948,9.003739023524382,8.0,86.0,60.0,25.550065462589263,34.55380448611365,1.0,0.6,0.21537231589959163,0.19143721376840836,9988.079298203496,5891.026794403253,0.12230136573507164,0.5386877866695682,88086.62883170524,2492.9881233420865,0.8309960411140288,0.16900972886270307,36.79493277293291,223.57088901445692
78.0,504.2986755371094,18.6779842376709,0.6906661987304688,8.650697366685877,8.0,86.0,60.0,25.529038009643553,34.17973537632943,1.0,0.6,0.213034527695596,0.18936477198670246,10001.503571072324,5877.3300586732,0.12439237939469114,0.5396135984547032,88669.73051658116,2483.1845625894603,0.8277281875298201,0.17965561908106764,37.440707652888506,237.6535761857001
79.0,503.95855712890625,18.6779842376709,0.6929131150245667,8.311498671214602,8.0,86.0,60.0,25.508131241798402,33.819629913013,1.0,0.6,0.21078402346521988,0.18736969249877564,10015.55084739778,5863.015511987877,0.1265742320577518,0.5405828544831484,89279.50971131295,2473.633781270326,0.8245445937567754,0.19076298682321302,38.134934835698985,252.3467189854219
80.0,503.62109375,18.6779842376709,0.695152759552002,7.985600146831558,8.0,86.0,60.0,25.487350294589994,33.47295044142155,1.0,0.6,0.20861744217967554,0.18544899655518302,10030.223106935806,5848.081225406597,0.1288471935283332,0.5415957903183902,89916.050452878,2464.332965999458,0.8214443219998193,0.20233323586854665,38.87736750520233,267.652174373054
81.0,503.28631591796875,18.6779842376709,0.6973844170570374,7.672480286369002,8.0,86.0,60.0,25.466684896945953,33.13916518331496,1.0,0.6,0.20653145992158597,0.18359973796385842,10045.519055594314,5832.528537991792,0.13121104853400706,0.5426524212030943,90579.29612845427,2455.2785840938377,0.8184261946979459,0.21436530578920251,39.66755530108251,283.5685395843751
82.0,502.9541015625,18.6779842376709,0.6996093988418579,7.371638031247733,8.0,86.0,60.0,25.446135048866275,32.81777308011401,1.0,0.6,0.20452294455301837,0.18181914072778027,10061.436234863888,5816.3599408539,0.13366541321177733,0.5437526866217715,91269.14032121476,2446.4671093973616,0.8154890364657872,0.22685727850533152,40.504995916868744,300.09327732866257
83.0,502.62451171875,18.6779842376709,0.7018261551856995,7.082591969676445,8.0,86.0,60.0,25.425703318119048,32.50829528779549,1.0,0.6,0.20258890273797348,0.1801045519244413,10077.969605357495,5799.580496057726,0.13620952334691658,0.5448963521848683,91985.36584994504,2437.894855080836,0.8126316183602786,0.23980530303516084,41.389038802058174,317.2212934174083
84.0,502.29736328125,18.6779842376709,0.7040368914604187,6.804879566290179,8.0,86.0,60.0,25.4053768658638,32.21025643215398,1.0,0.6,0.20072636320749565,0.17845333785504222,10095.112190451771,5782.197197667863,0.13884232875356253,0.5460830531292525,92727.67234485406,2429.557499645612,0.8098524998818707,0.25320407349776947,42.31891346525186,334.94556908002147
85.0,501.9726867675781,18.6779842376709,0.7062402367591858,6.538056421995044,8.0,86.0,60.0,25.385163395404817,31.92321981739986,1.0,0.6,0.19893259597151441,0.176863079109435,10112.855155484523,5764.218884088094,0.1415625079137983,0.5473122991732632,93495.67983502324,2421.451121033416,0.8071503736778053,0.26704690444319396,43.293758416853755,353.25726061264044
86.0,501.650390625,18.6779842376709,0.7084371447563171,6.281695562834864,8.0,86.0,60.0,25.36505263566971,31.646748198504575,1.0,0.6,0.19720486804641235,0.17533135323454255,10131.187428740239,5745.656626774321,0.14436840835742373,0.5485834473653678,94288.9122422673,2413.5711407672807,0.8045237135890936,0.2813254266172165,44.31257026036937,372.14529692711864
87.0,501.33050537109375,18.6779842376709,0.7106273770332336,6.0353867567417465,8.0,86.0,60.0,25.34505485773087,31.380441614472616,1.0,0.6,0.19554067901107627,0.1738559443406898,10150.09557397708,5726.523849009227,0.14725803059164508,0.549895692402226,95106.79208680884,2405.9134440477947,0.8019711480159315,0.2960295064874049,45.37422116465385,391.5962730977755
88.0,501.0129699707031,18.6779842376709,0.7128109931945801,5.798735857077261,8.0,86.0,60.0,25.325154654979702,31.123890512056963,1.0,0.6,0.19393746911079,0.17243458339459186,10169.564792917561,5706.8353344125135,0.1502291737878191,0.5512481348642329,95948.68335785852,2398.4730735316343,0.7994910245105448,0.3111479839855194,46.47749104273522,411.59542626808997
89.0,500.69769287109375,18.6779842376709,0.7149884104728699,5.571364171913728,8.0,86.0,60.0,25.305357162952422,30.87672133486615,1.0,0.6,0.19239290310709412,0.17106520079506204,10189.578283460225,5686.6078586107515,0.15327934354970435,0.5526397360268503,96813.8641342637,2391.245583558758,0.7970818611862527,0.326668205828139,47.62105739049591,432.12601831391737
90.0,500.3846435546875,18.6779842376709,0.7171601057052612,5.352907858046338,8.0,86.0,60.0,25.285657246112823,30.638565104159163,1.0,0.6,0.19090467462801086,0.16974575230230768,10210.117002774557,5665.86043347496,0.1564057142425563,0.5540693002015858,97701.51623994135,2384.2261663236063,0.7947420554412021,0.3425758330319733,48.80345883341653,453.1690812192543
91.0,500.0738220214844,18.6779842376709,0.7193251252174377,5.143017338766405,8.0,86.0,60.0,25.2660600399971,30.409077378763506,1.0,0.6,0.18947063043629675,0.168474329621154,10231.160851372422,5644.61311902099,0.15960530662026387,0.5555355559336157,98610.77624555585,2377.410273022544,0.7924700910075146,0.35885574337825804,50.023184136527114,474.7046108818769
92.0,499.76513671875,18.6779842376709,0.7214841246604919,4.941356744464048,8.0,86.0,60.0,25.246555273532866,30.187912017996915,1.0,0.6,0.1880886070478385,0.16724901504069278,10252.687670792007,5622.888031462103,0.16287483670211994,0.5570370852943086,99540.69224559296,2370.7928653330077,0.7902642884443359,0.37549126322660137,51.27859046143455,496.71055093479
93.0,499.4585876464844,18.6779842376709,0.7236378192901611,4.747603375165162,8.0,86.0,60.0,25.227150650024413,29.974754025189576,1.0,0.6,0.1867566352221173,0.16606806339608005,10274.674295438417,5600.708284949489,0.16621087446027655,0.5585723960799314,100490.26922551195,2364.3694281777593,0.7881231427259198,0.39246497438606115,52.567992577811246,519.1638600982986
94.0,499.15411376953125,18.6779842376709,0.725785493850708,4.561447184142614,8.0,86.0,60.0,25.207830762863157,29.769277947005772,1.0,0.6,0.1854726809185824,0.16492967158977764,10297.095850457856,5578.098702252129,0.1696097364797305,0.5601398718153823,101458.43868642312,2358.1347437087697,0.7860449145695899,0.409758167712532,53.88958998665967,542.0397893830486
95.0,498.8516845703125,18.6779842376709,0.7279281616210938,4.382590281775327,8.0,86.0,60.0,25.188600747585298,29.571191029360627,1.0,0.6,0.18423491399934175,0.16383221768674364,10319.926370093754,5555.085188244975,0.17306758064575173,0.5617378139478861,102444.08540974878,2352.0842246812076,0.7840280748937358,0.42735132545744303,55.24153534869701,565.3125201546397
96.0,498.55133056640625,18.6779842376709,0.730064868927002,4.210746458861338,8.0,86.0,60.0,25.169460604190828,29.380207063052165,1.0,0.6,0.18304154536457512,0.16277411601231806,10343.138930896217,5531.694602156639,0.17658042416408626,0.5633644501790164,103446.05306790094,2346.213149456244,0.782071049818748,0.44522421199918366,56.62192533469635,588.9552841557439
97.0,498.2529296875,18.6779842376709,0.7321961522102356,4.045640728622016,8.0,86.0,60.0,25.150407764911655,29.19604849353367,1.0,0.6,0.18189084007803444,0.16175382884091946,10366.705985085182,5507.954424011132,0.18014419320991018,0.5650179569800283,104463.15856309207,2340.516746461359,0.7801722488204531,0.4633561262073619,58.02882327586241,612.940697340741
98.0,497.95648193359375,18.6779842376709,0.7343223094940186,3.8870088866645425,8.0,86.0,60.0,25.131447365283968,29.01845625194851,1.0,0.6,0.1807811785702422,0.1607699208625777,10390.598913510892,5483.89320024495,0.1837546567991976,0.5666964275399251,105494.17283521777,2334.9905226569563,0.7783301742189854,0.4817255660991322,59.46023713990841,637.240316273548
99.0,497.66192626953125,18.6779842376709,0.7364436388015747,3.7345970881985218,8.0,86.0,60.0,25.11257170200348,28.847168790202,1.0,0.6,0.17971092608779995,0.15982094303168812,10414.788824075928,5459.539749181608,0.1874075443367429,0.5683979269204744,106537.85511022789,2329.629629845257,0.7765432099484191,0.5003108252928319,60.91415642482486,661.8254271334974
100.0,497.36932373046875,18.6779842376709,0.7385593056678772,3.588161441830157,8.0,86.0,60.0,25.093778207302094,28.68193964913225,1.0,0.6,0.17867854207350783,0.15890552989932372,10439.245240577766,5434.924469377639,0.19109835132215272,0.5701203993150368,107592.89658080274,2324.4294304449677,0.7748098101483226,0.5190890069667099,62.38848015184794,686.6657413518251
101.0,497.07855224609375,18.6779842376709,0.7406705021858215,3.4474676192839877,8.0,86.0,60.0,25.07505661010742,28.522524229391408,1.0,0.6,0.17768249778430031,0.15802232632041904,10463.939414897643,5410.076029870039,0.19482283149812799,0.5718619003070751,108658.06277809352,2319.385098652846,0.7731283662176153,0.5380385232769572,63.88121943657317,711.7327019131167
102.0,496.78961181640625,18.6779842376709,0.74277663230896,3.3122904804276576,8.0,86.0,60.0,25.056427452564243,28.3687179329919,1.0,0.6,0.1767215137744414,0.15717019876802193,10488.84141041378,5385.024281136728,0.19857656448253597,0.5736203916351519,109732.0682794566,2314.492854401767,0.7714976181339224,0.5571369008248757,65.39033663450563,736.9965803646969
103.0,496.50250244140625,18.6779842376709,0.7448775768280029,3.182413712999668,8.0,86.0,60.0,25.03787789583206,28.22029160883173,1.0,0.6,0.175794157931428,0.15634787768443392,10513.92037279141,5359.799994640074,0.20235499274441657,0.575393759284987,110813.58813025376,2309.7479246141925,0.7699159748713975,0.5763609664849717,66.91371956907052,762.4267226353318
104.0,496.2171630859375,18.6779842376709,0.7469744682312012,3.0576294864636133,8.0,86.0,60.0,25.0193976688385,28.077027155302115,1.0,0.6,0.174899067150916,0.15555415472907064,10539.147206792433,5334.43218049772,0.20615382168671123,0.57718000227618,111901.37306533636,2305.145684361692,0.7683818947872306,0.5956888810379322,68.44937612412932,787.9942391829215
105.0,495.93359375,18.6779842376709,0.7490660548210144,2.937738119434981,8.0,86.0,60.0,25.00100731372833,27.938745433163312,1.0,0.6,0.17403512113106592,0.1547880374231749,10564.49236797135,5308.950292255697,0.20996869204635205,0.578977076850352,112994.15462788654,2300.6825813035603,0.7668941937678534,0.6150984762405352,69.99531171780922,813.6698052231574
106.0,495.65167236328125,18.6779842376709,0.7511540651321411,2.822547760148336,8.0,86.0,60.0,24.98267858505249,27.805226345200825,1.0,0.6,0.17320094473220904,0.15404830636997902,10589.926088713995,5283.384012344875,0.21379520985833358,0.580782911896973,114090.65464193613,2296.353561287387,0.7654511870957956,0.6345674047016185,71.54949062896856,839.4238589897263
107.0,495.3714904785156,18.6779842376709,0.7532369494438171,2.711874079453566,8.0,86.0,60.0,24.964434592723848,27.676308672177413,1.0,0.6,0.1723955296084927,0.15333406837227817,10615.420798430234,5257.760818219831,0.21762931086216208,0.5825955808832332,115189.68957452365,2292.155320736525,0.7640517735788417,0.6540749944103893,73.11005671139469,865.2290549572443
108.0,495.09295654296875,18.6779842376709,0.755315899848938,2.605539975849914,8.0,86.0,60.0,24.94625993013382,27.551799905983735,1.0,0.6,0.17161767276718665,0.1526442568842425,10640.947728645317,5232.109389778672,0.22146675131241783,0.584413061003694,116290.02428563286,2288.0833844468934,0.7626944614822978,0.6735996594799483,74.67505681695813,891.0568386989536
109.0,494.81610107421875,18.6779842376709,0.757390022277832,2.5033752920857966,8.0,86.0,60.0,24.928159732818603,27.4315350249044,1.0,0.6,0.17086634253218808,0.15197795764193273,10666.479255821901,5206.457258841851,0.22530345898814594,0.5862333995662256,117390.4729350711,2284.1340339636877,0.7613780113212292,0.6931206852821293,76.2426292841214,916.8798083139939
110.0,494.5408935546875,18.6779842376709,0.7594603300094604,2.4052165428708956,8.0,86.0,60.0,24.910128865242005,27.3153454081129,1.0,0.6,0.1701404849801509,0.15133423644138236,10691.989602645666,5180.830112093281,0.22913563615340612,0.5880547644787495,118489.92904687632,2280.303299601105,0.7601010998670351,0.712618750867164,77.81102808629348,942.6724054990328
111.0,494.2672424316406,18.6779842376709,0.761526346206665,2.310906653264818,8.0,86.0,60.0,24.892172462940216,27.203079116205036,1.0,0.6,0.16943915021298275,0.15071225149811543,10717.452373125743,5155.25425364305,0.23295939347413527,0.5898752690000711,119587.25956887794,2276.5876392973237,0.7588625464324412,0.7320740698772477,79.3784788416036,968.4084562957169
112.0,493.99517822265625,18.6779842376709,0.7635884881019592,2.220294707323676,8.0,86.0,60.0,24.874277687072755,27.09457239439643,1.0,0.6,0.16876131491331361,0.15011109556732546,10742.843536982406,5129.753624121653,0.23677119294789875,0.5916931849612772,120681.43312650622,2272.983000918628,0.7576610003062093,0.7514686402512969,80.94335049664333,994.0641470642764
113.0,493.72467041015625,18.6779842376709,0.76564621925354,2.1332357066023886,8.0,86.0,60.0,24.856459944248197,26.989695650850585,1.0,0.6,0.16810616862754818,0.14953005067597092,10768.138981756423,5104.352243486971,0.2405674852150318,0.5935067685982234,121771.41487279325,2269.4863631039757,0.7564954543679919,0.7707844030143312,82.50402934786989,1019.6155888776174
114.0,493.45574951171875,18.6779842376709,0.7676999568939209,2.049590338126219,8.0,86.0,60.0,24.83870382785797,26.88829416598419,1.0,0.6,0.16747274458035133,0.14896825963664836,10793.315063241103,5079.073667340486,0.24434478933803078,0.5953142999386929,122856.19001186326,2266.093762943529,0.755364587647843,0.7900036460522333,84.05891506037344,1045.039351646087
115.0,493.188232421875,18.6779842376709,0.769750714302063,1.96922475146031,8.0,86.0,60.0,24.821011905670165,26.790236657130475,1.0,0.6,0.1668602220622503,0.14842499510866938,10818.352029230413,5053.937557918396,0.2481002037716967,0.5971143292761797,123934.9111332084,2262.801926651955,0.754267308883985,0.8091116019245559,85.60667123424578,1070.3159005783357
116.0,492.92230224609375,18.6779842376709,0.7717968225479126,1.8920103445204242,8.0,86.0,60.0,24.803394448757174,26.6954047932776,1.0,0.6,0.16626786113679512,0.14789960150693865,10843.227683757308,5028.966021281585,0.25183046325630637,0.5989052231291001,125006.62574322808,2259.6079312184993,0.7532026437394997,0.8280916556990101,87.14581395676522,1095.423256968121
117.0,492.6578063964844,18.6779842376709,0.7738394141197205,1.8178235577821724,8.0,86.0,60.0,24.78583348274231,26.60365704052448,1.0,0.6,0.16569477751539077,0.1473912946962189,10867.923622057897,5004.177375954143,0.2555328653066425,0.6006856124530655,126070.5442912307,2256.5079855046797,0.7521693285015599,0.8469300517279761,88.67508607472287,1120.3432244525006
118.0,492.3947448730469,18.6779842376709,0.7758787274360657,1.746545676559414,8.0,86.0,60.0,24.768334143161773,26.514879819721187,1.0,0.6,0.16514026109097257,0.1468994454179863,10892.421083826095,4979.590294686098,0.2592046547789891,0.6024540954089707,127125.86196650995,2253.499166179834,0.7511663887266113,0.8656127679941489,90.19322606963627,1145.0572543071148
119.0,492.1331481933594,18.6779842376709,0.7779144644737244,1.6780626410354342,8.0,86.0,60.0,24.75090156555176,26.428964206587196,1.0,0.6,0.16460363085415738,0.14642345020292435,10916.703206711596,4955.221553435967,0.26284335834251676,0.6042094001289031,128171.85554542605,2250.5786383962277,0.7501928794654092,0.8841272151241778,91.69909657399283,1169.5486929498827
120.0,491.8729248046875,18.6779842376709,0.7799464464187622,1.612264863742901,8.0,86.0,60.0,24.733528046607972,26.345792910350873,1.0,0.6,0.16408415380988428,0.14596265922914353,10940.754740684773,4931.086318175933,0.26644674160079385,0.6059503650750188,129207.87108394012,2247.7432142883576,0.7492477380961192,0.902462018323665,93.19165758713733,1193.802493478398
121.0,491.6141357421875,18.6779842376709,0.7819744944572449,1.5490470542005386,8.0,86.0,60.0,24.71621615409851,26.26526320829905,1.0,0.6,0.16358118777755082,0.14551650338565034,10964.559393281777,4907.200797648897,0.27001241475831617,0.6076757475846981,130233.20980610697,2244.9901404721577,0.7483300468240526,0.9206050141492187,94.66981201944772,1217.8025657428757
122.0,491.356689453125,18.6779842376709,0.784000039100647,1.4883080504258936,8.0,86.0,60.0,24.69896332025528,26.187271370681174,1.0,0.6,0.1630940844068927,0.1450844079821979,10988.104330281873,4883.577744125695,0.2735385016972329,0.6093845500723072,131247.32160235784,2242.316570437035,0.747438856812345,0.9385466502013459,96.13268279509137,1241.5362735568585
123.0,491.10064697265625,18.6779842376709,0.78602135181427,1.4299506570545821,8.0,86.0,60.0,24.681774680614474,26.111725337669057,1.0,0.6,0.16262226810847114,0.14466586298299505,11011.376738362356,4860.2298897594155,0.2770231289165548,0.6110757720678855,132249.65724496322,2239.720004722633,0.7465733349075443,0.9562773884531326,97.57940169266705,1264.9909997463483
124.0,490.84588623046875,18.6779842376709,0.7880398035049438,1.373881489806968,8.0,86.0,60.0,24.66464509963989,26.03852658944686,1.0,0.6,0.16216512316204526,0.14426032256221089,11034.366528998848,4837.16724416658,0.28046482729490724,0.6127486070508629,133239.7846238938,2237.197669982073,0.7457325566606909,0.9737897465732277,99.0092700911421,1288.1568464700588
125.0,490.59246826171875,18.6779842376709,0.790054976940155,1.320010826053395,8.0,86.0,60.0,24.647564306259152,25.967575132312547,1.0,0.6,0.1617220247594119,0.14386723272829519,11057.062912577352,4814.400519861361,0.283862022603568,0.6144021942802645,134217.24144339384,2234.7466915142472,0.7449155638380824,0.9910757089345575,100.42154352104362,1311.0232104279135
126.0,490.3403625488281,18.6779842376709,0.7920668125152588,1.2682524612388362,8.0,86.0,60.0,24.63054770708084,25.898800168319678,1.0,0.6,0.16129252996870522,0.1434862012419039,11079.456259868044,4791.939268638478,0.28721331304912456,0.6160357543973104,135181.61531143571,2232.365162683587,0.7441217208945291,1.008128137721797,101.81557052349672,1333.580649514251
127.0,490.08953857421875,18.6779842376709,0.794075608253479,1.2185235709372149,8.0,86.0,60.0,24.61358503103256,25.832108601969775,1.0,0.6,0.16087605710243083,0.14311671232935863,11101.537809379171,4769.7921779785,0.2905174246087833,0.6176485686370493,136132.5310751145,2230.050361488518,0.7433501204961727,1.0249405448365216,103.19074031686387,1355.820581087453
128.0,489.8399658203125,18.6779842376709,0.79608154296875,1.1707445783146526,8.0,86.0,60.0,24.59667627811432,25.767420856428974,1.0,0.6,0.16047210872773443,0.14275832511395756,11123.301977004383,4747.96475881136,0.2937735553483464,0.619240148264461,137069.75019115003,2227.7999960814473,0.7425999986938158,1.0415088426185635,104.54665364194953,1377.7375978740815
129.0,489.5917053222656,18.6779842376709,0.798084020614624,1.1248390267895583,8.0,86.0,60.0,24.579824016094207,25.704663042883766,1.0,0.6,0.16008022290494547,0.1424106302321358,11144.74078499943,4726.4649171584715,0.2969805465722122,0.6208098282182747,137992.9311585807,2225.611937188013,0.7418706457293377,1.057827131267713,105.8827619691893,1399.323895450173
130.0,489.34466552734375,18.6779842376709,0.8000837564468384,1.0807334576857848,8.0,86.0,60.0,24.563025677204134,25.64375913488992,1.0,0.6,0.1596999244573324,0.1420732064772889,11165.850420260793,4705.296396357424,0.3001378581781952,0.6223572468437873,138901.91151392245,2223.4839468233795,0.7411613156077932,1.0738926556935628,107.19878108395089,1420.5758293035703
131.0,489.098876953125,18.6779842376709,0.8020803332328796,1.0383572926830762,8.0,86.0,60.0,24.54628382921219,25.584641121895267,1.0,0.6,0.15933078819022808,0.14174567705297417,11186.625957410635,4684.464053337669,0.30324478394319004,0.6238819605582747,139796.4809375688,2221.41403622491,0.7404713454083033,1.0897018175685198,108.49436081271789,1441.4886394639182
132.0,488.854248046875,18.6779842376709,0.8040741682052612,0.9976427208766973,8.0,86.0,60.0,24.529593336582185,25.527236057458882,1.0,0.6,0.1589723582426193,0.14142763781661993,11207.064471806301,4663.970746385758,0.3063009143292108,0.6253836721337983,140676.5150965417,2219.4000132632027,0.7398000044210675,1.1052525272103646,109.76927532293651,1462.0595616399855
133.0,488.61083984375,18.6779842376709,0.8060652613639832,0.9585245902655197,8.0,86.0,60.0,24.512951631546024,25.471476221811542,1.0,0.6,0.1586242113627678,0.14111871358279784,11227.162138499594,4643.820235557123,0.3093057051792396,0.6268620182351913,141541.85091326313,2217.4398409935466,0.7391466136645155,1.1205420116724,111.0232445339085,1482.284927698805
134.0,488.3686218261719,18.6779842376709,0.8080530762672424,0.9209403034949191,8.0,86.0,60.0,24.496366417407987,25.417306720902907,1.0,0.6,0.1582860042219458,0.14081860022395362,11246.917383859394,4624.014030677852,0.3122589465933477,0.6283168011754993,142392.4220934032,2215.5319095545537,0.7385106365181846,1.1355691979172542,112.25614025579594,1502.1633181959407
135.0,488.1275634765625,18.6779842376709,0.8100383877754211,0.8848297176876535,8.0,86.0,60.0,24.479827423095706,25.36465714078336,1.0,0.6,0.15795729691495924,0.14052690762818712,11266.328829458389,4604.553448962504,0.31516045667107345,0.6297478382911739,143228.17068066157,2213.674036264232,0.7378913454214108,1.150333155737475,113.46783648627029,1521.6935026264487
136.0,487.8876647949219,18.6779842376709,0.8120213150978088,0.8501350482024291,8.0,86.0,60.0,24.463339784145354,25.313474832347783,1.0,0.6,0.15763776020882309,0.1402433441055342,11285.397559883539,4585.437345416494,0.3180104193367196,0.6311551294390025,144049.1446110415,2211.8646439451304,0.7372882146483768,1.1648348153849377,114.65837583686195,1540.8767115540372
137.0,487.6488952636719,18.6779842376709,0.8140012621879578,0.8168007761661451,8.0,86.0,60.0,24.446898365020754,25.263699141186898,1.0,0.6,0.15732701507990976,0.1399675736145289,11304.121549648105,4566.667687246885,0.3208085550697597,0.63253844625519,144855.25804162628,2210.101850453431,0.7367006168178103,1.1790727521457085,115.82759698158782,1559.711060326486
138.0,487.4112854003906,18.6779842376709,0.8159787058830261,0.7847735596318536,8.0,86.0,60.0,24.430508301258087,25.21528186088994,1.0,0.6,0.15702476006646215,0.13969932907890856,11322.501826297317,4548.243389729646,0.32355503785682876,0.6338977867450293,145646.556386205,2208.384196041134,0.7361280653470447,1.1930478472522486,116.9755414096979,1578.1977146632246
139.0,487.1747741699219,18.6779842376709,0.8179535269737244,0.7540021482202609,8.0,86.0,60.0,24.41417216062546,25.16817430884572,1.0,0.6,0.15673069079259935,0.13943834078413425,11340.540062616505,4530.162724626021,0.32625013689885785,0.6352331982218616,146423.11276679544,2206.7101864448023,0.7355700621482675,1.2067614665581796,118.10229130934147,1596.3384813543746
140.0,486.9393615722656,18.6779842376709,0.8199256062507629,0.7244373011081913,8.0,86.0,60.0,24.397879672050475,25.122316973158668,1.0,0.6,0.15644443550172674,0.13918427901856803,11358.238638736648,4512.423258464356,0.32889422574278904,0.6365447821388565,147185.0306758543,2205.0779232554505,0.7350259744184835,1.220215506779682,119.20796682170456,1614.1358694301884
141.0,486.705078125,18.6779842376709,0.8218950033187866,0.6960317082327617,8.0,86.0,60.0,24.381630835533144,25.077662543765907,1.0,0.6,0.15616569846033293,0.1389368816719516,11375.598891944303,4495.023601679353,0.33148752230100026,0.6378325645331205,147932.3687406964,2203.4859263090048,0.7344953087696683,1.2334110743486209,120.29262925374968,1631.5913425102888
142.0,486.4718017578125,18.6779842376709,0.8238623142242432,0.6687399145851886,8.0,86.0,60.0,24.36543848991394,25.03417840449913,1.0,0.6,0.1558942754732333,0.13869596804208792,11392.623242323116,4477.96128292719,0.3340304050086322,0.6390966534533323,148665.2321270124,2201.9332270925443,0.7339777423641815,1.246350092382994,121.35641838717653,1648.7074445500057
143.0,486.2396240234375,18.6779842376709,0.8258273005485535,0.6425182474730758,8.0,86.0,60.0,24.349284660816195,24.991802908289273,1.0,0.6,0.15562978162466617,0.13846119658791334,11409.316685462487,4461.231258078315,0.33652363433178895,0.6403373502373015,149383.8366887597,2200.4178028389224,0.7334726009463075,1.2590364260006204,122.3996194336362,1665.4892884374117
144.0,486.00848388671875,18.6779842376709,0.8277899026870728,0.6173247466347902,8.0,86.0,60.0,24.33317448377609,24.95049923041088,1.0,0.6,0.15537198659959012,0.13823236329071142,11425.680462985536,4444.832237501039,0.33896741208211667,0.6415546795894643,150088.2368479167,2198.9385063484137,0.7329795021161379,1.2714711015153282,123.42229386525176,1681.9382318097066
145.0,485.7784423828125,18.6779842376709,0.829749584197998,0.59311909709409,8.0,86.0,60.0,24.31711822986603,24.910237326960118,1.0,0.6,0.15512070234457387,0.13800930169931058,11441.718421756512,4428.7603276124755,0.3413623269578095,0.6427488617107371,150778.59902409682,2197.494423137375,0.7324981410457917,1.2836571123318699,124.42467369366706,1698.0582344280606
146.0,485.5493469238281,18.6779842376709,0.8317080736160278,0.569862564647563,8.0,86.0,60.0,24.301092789173126,24.87095535382069,1.0,0.6,0.1548755428372743,0.1377916691809533,11457.437098262315,4413.008947792238,0.3437093667163167,0.6439203194238734,151455.2052351067,2196.0834821366475,0.7320278273788825,1.2955994803685467,125.4071418809958,1713.8559394292124
147.0,485.3213195800781,18.6779842376709,0.8336633443832397,0.5475179338816366,8.0,86.0,60.0,24.28512127161026,24.832639205491898,1.0,0.6,0.15463641934197062,0.1375793875874359,11472.83921383832,4397.575332345205,0.3460089516133214,0.6450691938906276,152118.17345210203,2194.705320686352,0.731568440228784,1.3073003438707351,126.36986856853069,1729.3341753451234
148.0,485.09429931640625,18.6779842376709,0.8356162309646606,0.5260494486199764,8.0,86.0,60.0,24.26919597387314,24.795245422493114,1.0,0.6,0.15440306038279444,0.13737221614174389,11487.927925174756,4382.456282649104,0.34826156578369893,0.6461956605702649,152767.64031430156,2193.358508817632,0.7311195029392107,1.3187621657579904,127.3130325220157,1744.4962001960168
149.0,484.8682861328125,18.6779842376709,0.837567150592804,0.505422754705976,8.0,86.0,60.0,24.253311760425568,24.758734515131543,1.0,0.6,0.1541752192363491,0.13716993606053707,11502.710148093125,4367.644842161235,0.35046825189158043,0.6473001776857903,153403.90407753564,2192.041749138142,0.7306805830460474,1.3299902484752955,128.2370549113213,1759.3490282073258
150.0,484.64324951171875,18.6779842376709,0.8395158052444458,0.4856048450287769,8.0,86.0,60.0,24.237471199035646,24.723076044064424,1.0,0.6,0.15395270556503465,0.13697237870180762,11517.191695942704,4353.135157860536,0.35262988818163743,0.6483831238233847,154027.2155687666,2190.7540623086675,0.7302513541028891,1.3409890591302274,129.14229222198608,1773.8985685963432
151.0,484.419189453125,18.6779842376709,0.8414626121520996,0.4665640067048493,8.0,86.0,60.0,24.221669154167177,24.688233160872027,1.0,0.6,0.15373528915597862,0.13677933991556654,11531.374628160567,4338.9251321297,0.3547467940638146,0.6494445990879801,154637.66416466364,2189.4942283526566,0.7298314094508855,1.351760224313583,130.02885698533865,1788.1469730637607
152.0,484.19610595703125,18.6779842376709,0.8434070348739624,0.44826977033061294,8.0,86.0,60.0,24.205908193588257,24.65417796391887,1.0,0.6,0.15352279553471596,0.13659066511937537,11545.266905282773,4325.0067672593,0.3568201660901323,0.6504851470566292,155235.5929675047,2188.2613435096273,0.7294204478365425,1.3623098297473282,130.89724410543954,1802.1022919761424
153.0,483.9739685058594,18.6779842376709,0.8453497290611267,0.43069286122489037,8.0,86.0,60.0,24.190188317298887,24.620881178523778,1.0,0.6,0.15331504170647148,0.13640619212375943,11558.87341849504,4311.375136172262,0.35885074385461263,0.6515050840987028,155821.21306993978,2187.0544470435175,0.7290181490145058,1.372641638518023,131.74775149823472,1815.769503251702
154.0,483.75274658203125,18.6779842376709,0.8472904562950134,0.41380515258317174,8.0,86.0,60.0,24.174509525299072,24.588314677882245,1.0,0.6,0.1531118518518113,0.13622576509878428,11572.200228494454,4298.024143454491,0.3608394404064558,0.6525048163778612,156394.7858283592,2185.8726130064933,0.7286242043354978,1.382760295665935,132.5807523418918,1829.1547514821693
155.0,483.5325012207031,18.6779842376709,0.8492287993431091,0.3975796204687271,8.0,86.0,60.0,24.158876953125,24.556456573593724,1.0,0.6,0.1529130890222597,0.13604926277692306,11585.251088596418,4284.95000209412,0.36278682524905037,0.6534845791302177,156956.47335979942,2184.715136299093,0.7282383787663643,1.3926687000882574,133.3964763963884,1842.2618714114185
156.0,483.31317138671875,18.6779842376709,0.8511651754379272,0.38199030056854183,8.0,86.0,60.0,24.143280329704286,24.52527063027283,1.0,0.6,0.15271852696211238,0.13587648440455916,11598.0335910055,4272.145087678441,0.3646940382278884,0.6544448976812374,157506.6028215318,2183.5807828372494,0.7278602609457498,1.40237264999417,134.19538910052808,1855.0985330759022
157.0,483.0947570800781,18.6779842376709,0.8530997037887573,0.36701224664487664,8.0,86.0,60.0,24.127719655036927,24.494731901681803,1.0,0.6,0.15252800973355346,0.13570729177293894,11610.553185607121,4259.603918932589,0.3665619002586205,0.655386138810026,158045.40923350243,2182.4687235673628,0.7274895745224542,1.4118763225985185,134.9778262840339,1867.67026221454
158.0,482.87725830078125,18.6779842376709,0.8550320267677307,0.35262149061596515,8.0,86.0,60.0,24.112205200195312,24.46482669081128,1.0,0.6,0.1523414514671209,0.1355416089970087,11622.814469169049,4247.321868533605,0.3683911050499747,0.6563086070915043,158573.09091366208,2181.3785354164747,0.7271261784721582,1.4211832486728266,135.7440764430234,1879.9817294325915
159.0,482.66064453125,18.6779842376709,0.8569628000259399,0.33879500420196934,8.0,86.0,60.0,24.09672669410706,24.435521698309028,1.0,0.6,0.15215864426015224,0.13537925158955189,11634.82448323754,4235.291865862546,0.37018270934964426,0.6572127928774735,159089.95127356242,2180.3090740943194,0.7267696913647731,1.4302988044250753,136.49457137170526,1892.0400465312873
160.0,482.4449157714844,18.6779842376709,0.8588916063308716,0.3255106620748191,8.0,86.0,60.0,24.081284136772158,24.406794798846978,1.0,0.6,0.15197944980823844,0.13522009697040047,11646.589698140433,4223.507412277315,0.37193768464891397,0.6580991456868929,159596.26914605705,2179.2595984559944,0.7264198661519982,1.439227932861843,137.22971348826783,1903.8517522606899
161.0,482.2301025390625,18.6779842376709,0.8608187437057495,0.31274720645296683,8.0,86.0,60.0,24.065882663726807,24.378629870179775,1.0,0.6,0.15180376720693914,0.13506405581805206,11658.114102458512,4211.964491751727,0.3736566330520657,0.6589679299761313,160092.21663019588,2178.2295830485573,0.7260765276828525,1.4479736993111898,137.9497505244729,1915.4209015241727
162.0,482.01611328125,18.6779842376709,0.8627439141273499,0.3004842130844018,8.0,86.0,60.0,24.050517139434817,24.35100135251922,1.0,0.6,0.15163143680824134,0.13491098652452133,11669.405069443306,4200.655704732112,0.37534065957842894,0.6598196669707687,160578.1113412907,2177.2181523758068,0.725739384125269,1.4565417256744537,138.65514009010747,1926.7549311331443
163.0,481.8030090332031,18.6779842376709,0.8646671772003174,0.28870205856348985,8.0,86.0,60.0,24.035190131664276,24.323892190227767,1.0,0.6,0.15146235193564309,0.13476079459706639,11680.46635377679,4189.577270993673,0.3769903308512486,0.6606546068578102,161054.11527983705,2176.2247387602856,0.7254082462534286,1.4649348969869123,139.34611415212606,1937.8576574945444
164.0,481.59075927734375,18.6779842376709,0.8665890693664551,0.2773818889293366,8.0,86.0,60.0,24.019899072647096,24.297280961576433,1.0,0.6,0.15129637874544433,0.13461336135364416,11691.306287483569,4178.720833947453,0.3786068938166652,0.6614733468588783,161520.58725102653,2175.2486105036305,0.7250828701678769,1.473159556765471,140.02319397743088,1948.7374719934337
165.0,481.37939453125,18.6779842376709,0.8685081601142883,0.2665055894954293,8.0,86.0,60.0,24.00464396238327,24.2711495518787,1.0,0.6,0.15113340400360367,0.13446858643410134,11701.9279376925,4168.083302707906,0.38019081220754414,0.6622760884697262,161977.65965216883,2174.2891537778373,0.7247630512592791,1.4812180670226875,140.686566738662,1959.3974991673817
166.0,481.1688232421875,18.6779842376709,0.8704266548156738,0.2560557558622728,8.0,86.0,60.0,23.9894273686409,24.245483124503174,1.0,0.6,0.15097333490453907,0.13432638763957686,11712.33987963836,4157.656079073369,0.38174336854521257,0.6630634508086136,162425.70171214733,2173.345872223516,0.7244486240745053,1.4891169522134011,141.33677326546922,1969.8463697513087
167.0,480.9590759277344,18.6779842376709,0.8723433613777161,0.24601566606663725,8.0,86.0,60.0,23.974244155883788,24.220259821950425,1.0,0.6,0.15081603494309895,0.13418664387374418,11722.544865032063,4147.43638929457,0.38326497904757845,0.6638356144560861,162864.83222835616,2172.4180077119327,0.7241393359039775,1.4968583327691027,141.97397797681555,1980.0868887124595
168.0,480.75018310546875,18.6779842376709,0.8742578625679016,0.2363692538228496,8.0,86.0,60.0,23.959102027416233,24.195471281239083,1.0,0.6,0.15066145165516331,0.1340493088034751,11732.549808044067,4137.417297741248,0.38475667868231517,0.6645930760992371,163295.34897151066,2171.505296657648,0.7238350988858827,1.5044474747001526,142.59861963096535,1990.12602207951
169.0,480.54205322265625,18.6779842376709,0.8761714100837708,0.22710108281330882,8.0,86.0,60.0,23.943985576629636,24.171086659442945,1.0,0.6,0.15050939261816343,0.13391421155080283,11742.361127382606,4127.59236534472,0.38621942837450224,0.665336296567904,163717.52838381458,2170.606643079972,0.723535547693324,1.511889267461052,143.2110907737487,1999.9702377623082
170.0,480.33477783203125,18.6779842376709,0.8780829310417175,0.21819632198708427,8.0,86.0,60.0,23.9289102101326,24.147106532119682,1.0,0.6,0.1503598610548309,0.13378135530446902,11751.981599268322,4117.958795801203,0.3876536472729264,0.6660654621850216,164131.49027454303,2169.7221082524593,0.7232407027508198,1.519185846439783,143.81157156220578,2009.6223605129708
171.0,480.1282958984375,18.6779842376709,0.8799930214881897,0.20964072182707041,8.0,86.0,60.0,23.91386565685272,24.123506378679792,1.0,0.6,0.15021270393820366,0.133650604213924,11761.417507338307,4108.510286467215,0.3890602757363326,0.6667810261249071,164537.50524872847,2168.8508240907327,0.7229502746969109,1.5263419965094422,144.40044981382346,2019.0887198980822
172.0,479.9225769042969,18.6779842376709,0.8819016218185425,0.20142059154771919,8.0,86.0,60.0,23.898857052326203,24.100277643873923,1.0,0.6,0.15006786766482846,0.13352191088082407,11770.675303551428,4099.2403668462,0.39044027897290334,0.6674834557764346,164935.85113916243,2167.9925102571665,0.7226641700857221,1.5333626289307412,144.978134292237,2028.3758126733662
173.0,479.7176513671875,18.6779842376709,0.8838086724281311,0.19352277718686228,8.0,86.0,60.0,23.88388439655304,24.077407173739903,1.0,0.6,0.14992527000994427,0.1333952024287406,11779.75840050519,4090.1456065374214,0.39179416998570193,0.6681729892328732,165326.6750703071,2167.1467143553837,0.7223822381184613,1.5402503559995944,145.5448366763125,2037.4870944583536
174.0,479.5135498046875,18.6779842376709,0.8857138156890869,0.18593464055656542,8.0,86.0,60.0,23.868942553997037,24.0548771945536,1.0,0.6,0.14978479999590452,0.13327038038654204,11788.672128652079,4081.2206579851654,0.39312274672830005,0.6688500111461284,165710.20661933866,2166.312810518508,0.722104270172836,1.5470092385468948,146.10088802895527,2046.4279370359538
175.0,479.3101806640625,18.6779842376709,0.8876177668571472,0.1786440390193313,8.0,86.0,60.0,23.8540366601944,24.03268069921373,1.0,0.6,0.14964641369666118,0.13314740593303445,11797.422078280662,4072.459914291526,0.3944268456141553,0.6695149270871101,166086.68652576645,2165.4905700380577,0.7218301900126859,1.5536435329259395,146.6466428571988,2055.203970831686
176.0,479.1075439453125,18.6779842376709,0.8895205855369568,0.17163930605728903,8.0,86.0,60.0,23.839159011840824,24.010798317898114,1.0,0.6,0.14950999021995,0.13302617175428105,11806.013091090848,4063.858517893665,0.39570719149676437,0.6701680868893947,166456.3233237395,2164.6793036045774,0.7215597678681924,1.5601569282264853,147.1823998408702,2063.820075878684
177.0,478.90570068359375,18.6779842376709,0.8914213180541992,0.1649092326032767,8.0,86.0,60.0,23.8243173122406,23.989226544843874,1.0,0.6,0.1493755074639124,0.1329066584274285,11814.449396819393,4055.4122235963255,0.396964418083764,0.6708097948728572,166819.29922429594,2163.8789091470476,0.7212929697156826,1.5665526501823295,147.70842873224757,2072.280519269602
178.0,478.70458984375,18.6779842376709,0.8933212757110596,0.15844304910394222,8.0,86.0,60.0,23.809503858089446,23.967946907193387,1.0,0.6,0.14924285014316852,0.13278876360796085,11822.73459812085,4047.1174140123653,0.39819906560304136,0.6714403085452028,167175.76945833242,2163.0887268684364,0.7210295756228121,1.5728334491547216,148.2249495430671,2080.5889392607346
179.0,478.50421142578125,18.6779842376709,0.8952196836471558,0.15223040828616063,8.0,86.0,60.0,23.79472635269165,23.946956760977812,1.0,0.6,0.14911200154289464,0.13267247264759163,11830.875833326958,4038.9669364560673,0.39941219989693955,0.6720601553924279,167526.0412827242,2162.3086839791767,0.7207695613263922,1.5790047476292155,148.7324181305833,2088.7525088706057
